"A truly good man would have stood against Melissan from the beginning. You say you wanted to find out who the Five were... and yet I defeated them without your scheming. It was your choice to join the Five in their reign of destruction, so live up to it!","Naprawdę dobra osoba sprzeciwiałaby się Melissanie od samego początku. Mówisz, że chciałeś dowiedzieć się, kim była Piątka ... A ja pokonałam ich bez żadnego spiskowania. To był twój wybór, aby przyłączyć się do Piątki w jej rządach zniszczenia, wytrwaj w nim zatem!"
"Actually Bodhi, I have changed my mind. I enjoy watching you die too much, to pass up an opportunity to see it again.","Właściwie, Bodhi, to zmieniłam zdanie. Dobrze się bawiłam, patrząc, jak umierasz, i nie mogę przepuścić okazji, by znów to zobaczyć."
"Aerie continued adventuring after years after leaving <CHARNAME>'s company, often traveling with a larger group but sometimes striking out on her own to use her considerable power to fight against slavery in the Realms. Her compassion grew tainted by revenge, however, revenge for what had been taken from her when she was in chains and could never be restored. She might have lost herself to her vengeance entirely had fortune not smiled upon her. The tale goes that Aerie, filled with a righteous fury, destroyed a slaver enclave in the northern hills of Cormyr single-handedly. She was surprised to find a group of avariel elves that had been held captive there and quickly freed them, and was in turn invited to return to her long-lost home of Faenya-Dail. She learned much while she was there. Most importantly, she learned she was no longer truly one of avariel, and let go forever of the wings that she had lost. Faenya-Dail was no longer her home, and it was with mixed emotions that she bid it farewell. It is said that Aerie eventually became a high priestess in Understone, a gnomish village her mentor Quayle had sometimes spoken of. He had been her true family, and it was among his people that she finally found happiness and the family she had always longed for. It was also said that Aerie prayed for her old friend, <CHARNAME>, each night as the stars revealed themselves in the sky above. She sincerely hoped her friend had been fortunate enough to find the peace that she had... for without <CHARNAME>, it would never have been possible.","Po opuszczeniu drużyny, której przewodziła <CHARNAME>, Aerie w dalszym ciągu szukała przygód, często przyłączając się do innych wędrownych grup. Czasem wyruszała też samotnie, aby z pomocą swej pokaźnej mocy zwalczać niewolnictwo w Krainach. Na jej współczuciu kładło się jednak cieniem pragnienie zemsty; zemsty za to, co bezpowrotnie odebrano jej w niewoli. Niewiele brakowało, a mściwość pochłonęłaby ją całkowicie, ale los okazał się dla niej łaskawy. Wieść niesie, że przepełniona słusznym gniewem Aerie w pojedynkę rozgromiła niewolniczą enklawę na wzgórzach na północy Cormyru. Ku jej zaskoczeniu odnalazła tam grupę pojmanych avarieli, których niezwłocznie uwolniła. Elfy zaproponowały jej wspólny powrót do Faenya-Dail, jej dawno utraconej ojczyzny. Aerie dowiedziała się tam wielu rzeczy. Przede wszystkim zrozumiała, że nie jest już jedną z avarieli i raz na zawsze pogodziła się z utratą skrzydeł. Faenya-Dail nie było już jej domem, dlatego też z mieszanymi uczuciami postanowiła je opuścić. Powiadają, że Aerie została w końcu arcykapłanką w Podkamieniu, wiosce gnomów, o której wspominał czasami jej mentor, Quayle. To on był wcześniej jej prawdziwą rodziną i to właśnie wśród jego ludu znalazła w końcu szczęście i nową rodzinę, której tak pragnęła. Mówi się również, że każdej nocy, gdy gwiazdy ukazywały się na nieboskłonie, Aerie modliła się za pewną dawną przyjaciółkę. Z całego serca miała nadzieję, że <CHARNAME> odnalazła spokój tak jak ona sama... A w jej przypadku nie byłoby to możliwe, gdyby nie <CHARNAME>."
"And I can't believe what you said, either! 'Go ahead and kill her'? After all we've been through, that's what you say in my defense?!","Ale nie mogę uwierzyć w to, co powiedziałaś! „Dalej, zabij ją?” Po tym wszystkim, co razem przeszliśmy, tylko tyle masz do powiedzenia, by mnie bronić?!"
"And I cannot trust that you will turn aside the power when it is offered to you. You have experienced the struggle even a sliver of Bhaal's taint has brought you, yet I cannot believe that you would turn it aside. I... I am sorry, <PRO_BROTHERSISTER>...but I have no choice.","A ja nie mogę ufać, że odrzucisz moc gdy ta zostanie ci zaoferowana. Doświadczyłaś zmagań, jakie przynosi nawet cząstka skazy Bhaala, a mimo to nie mogę uwierzyć, że ją odrzucisz. Przykro... mi, siostro... ale nie mam wyboru."
"And so it is done. I believe you have made the right choice. I look forward to meeting you again on Faerun, <CHARNAME>...as a mortal and a true <PRO_BROTHERSISTER>.","A więc dokonało się. Uważam, że podjęłaś właściwą decyzję. Cieszę się myślą, że spotkamy się ponownie w Faerunie, <CHARNAME> ... Jako śmiertelnicy i prawdziwe rodzeństwo."
"And so you take the road less traveled, <CHARNAME>. I cannot say I envy you. I hope the power brings you what you expect and desire, my friend. When I look up at the heavens and see the brightest star in the sky, I shall think of you and offer a prayer.","A zatem wolisz przecierać nowy szlak, <CHARNAME>. Nie powiem, że ci zazdroszczę. Mam nadzieję, że moc przyniesie ci to, czego się spodziewasz i pragniesz, przyjaciółko. Kiedy spojrzę w niebo i zobaczę najjaśniejszą z gwiazd, będę o tobie myślał i modlił się."
"And what of Imoen, the eternal child? She had been through much during her travels with <CHARNAME>, things that she would refuse to discuss later in life, but her spirit had never been broken. She parted ways from her companions to seek her own destiny, out from under the shadow of her <PRO_BROTHERSISTER>. She returned to Candlekeep for a short time, her formidable skill in magic granting her a greater appreciation for its tomes. Here she could remember simpler times with <CHARNAME> and Gorion, and feel glad that she had followed in her foster-father's footsteps. Though asked to remain, Imoen eventually decided that Candlekeep was much smaller than she remembered and left to pursue adventures abroad.
Many are the tales of the archmage that Imoen became. She wore many other names throughout her life, some mysterious and foreboding while others odd and quirky considering the power this great woman possessed. Anyone who had known Imoen in her youth would immediately recognize her despite any name, however... no amount of age or wisdom could disguise the mischievious twinkle in her eyes or the ready grin to greet a friend. She became the confidante of Khelben ""Blackstaff"" Arunson and was oft-associated with a tale involving the great Elminster, supposedly picking the sage's pocket one day and then leading him on a merry magical chase across Faerun for four months. The exact truth of the tale is unknown... though it's certainly not unlike Imoen to encourage an old codger to not be such a stick-in-the-mud, and her later friendship with Elminster is well-documented. Later tales say Imoen founded a thieves guild that operated all the way to Neverwinter, sparred with the Shadow Thieves and the Zhentarim and even duelled a dragon because (so the story goes) ""he was rude"". At times, Imoen was known to think back on her old friend, <CHARNAME>, and smile sadly... and then immediately be possessed with a wickedly funny thought that would propel her onto her next scheme. It seems that some people, thankfully, will never change.","A co z Imoen, wiecznym dzieckiem? Wiele przeszła w czasie swych podróży, o wielu z tych przeżyć nie chciała nawet opowiadać, ale jej ducha nie udało się złamać. Odłączyła się od towarzyszy, aby odnaleźć własne przeznaczenie, nie stojąc już w cieniu swej siostry. Na jakiś czas powróciła do Candlekeep, a niezwykłe umiejętności magiczne pozwoliły jej lepiej docenić wiedzę zawartą w tamtejszych księgach. Tam mogła też wspominać czasy, kiedy wszystko było prostsze, a ona, <CHARNAME> i Gorion byli razem. Imoen cieszyła się, że poszła w ślady swego przybranego ojca. Mimo iż proszono ją, by została w Candlekeep, jej dawny dom okazał się teraz zbyt ciasny i wyruszyła szukać przygód poza jego granicami. 
Wiele krąży opowieści o arcymistrzyni magii, jaką stała się Imoen. Przez całe życie przybierała wiele różnorakich imion, niektóre z nich brzmiały tajemniczo i złowieszczo, inne zaś wręcz dziwacznie, biorąc pod uwagę moc, jaką posiadała ta wspaniała kobieta. Mimo to każdy, kto znał Imoen w czasach jej młodości, natychmiast rozpoznałby ją niezależnie od tego, jakie imię aktualnie nosiła... Ani zdobyta mądrość, ani kolejne lata na karku nie mogły ukryć figlarnego błysku w jej oczach i szerokiego uśmiechu, którym witała przyjaciół. Z czasem stała się powierniczką samego Khelbena „Czarnokija” Arunsuna. Powszechnie łączono ją z pewną historią dotyczącą wielkiego Elminstera, któremu ponoć coś zwędziła i tym samym zmusiła do zabawnej, czteromiesięcznej, magicznej pogoni za nią po całym Faerunie. Nie wiadomo wszakże, jak było naprawdę... Chociaż chwilowe wyrwanie staruszka z jego odwiecznego sztywniactwa wielce pasowałoby do Imoen. W każdym razie jej późniejsza przyjaźń z Elminsterem jest dobrze udokumentowana. Kolejne opowieści głoszą, iż założyła gildię złodziei, której wpływy sięgały aż do Neverwinter. Walczyła też ze Złodziejami Cienia i Zhentarimami, a nawet pojedynkowała się ze smokiem, ponieważ (jak powiadają) „był nieuprzejmy”. Czasami Imoen zdarzało się wspominać osobę o imieniu <CHARNAME> i uśmiechać się smutno... Po czym natychmiastowo jej uwagę skradała szelmowska i zabawna myśl, która popychała ją ku kolejnej intrydze. Zdaje się, że niektórzy, na szczęście, nigdy się nie zmieniają."
"And what of the eternally-playful Imoen? She had long stood in the shadow of <CHARNAME>, and had endured much, but her spirit never broke. Free of her father's legacy, she struck out on her own and briefly returned to Candlekeep. Her formidable knowledge of magic allowed a deeper appreciation of the great library, but it seemed smaller than she remembered, and she did not stay long. Imoen would use different names throughout her life, and was the subject of many a tall tale - perhaps the most memorable claiming that she'd picked the pocket of Khelben ""Blackstaff"" Arunsun, leading him on a merry magical chase across Faerun that lasted four months. Another rumor claimed she'd founded a thieves' guild that ran the length and breadth of the entire Sword Coast, from Nashkel to Neverwinter. But when asked of such things, she would always answer with a smile of purest innocence: ""Heya, it's just me, Imoen.""","A co z odwiecznie figlarną Imoen? Przez wiele lat żyła w cieniu swej siostry, pomiotu Bhaala o imieniu <CHARNAME>. Wiele wycierpiała, ale jej ducha nigdy nie udało się złamać. Uwolniwszy się od dziedzictwa swego ojca, wyruszyła w drogę samotnie i na krótko powróciła do Candlekeep. Dzięki swym pokaźnym magicznym zdolnościom mogła w pełni docenić zasoby tej wspaniałej biblioteki. Mimo to wydała jej się ona mniejsza, niż zapamiętała z dzieciństwa, dlatego też nie zatrzymała się w niej na długo. Przez całe życie Imoen przybierała wiele imion i stała się bohaterką wielu niesamowitych opowieści. Najsłynniejsza głosi, jakoby Imoen zwędziła coś Khelbenowi „Czarnokijowi” Arunsunowi, co sprawiło, że uganiał się za nią bezskutecznie przez cztery miesiące po całym Faerûnie. Inna wieść niesie, że założyła gildię złodziei działającą na całym Wybrzeżu Mieczy, od Nashkel po Neverwinter. Kiedy jednak pytano ją o którekolwiek z tych wydarzeń, uśmiechała się tylko niewinnie i odpowiadała: „Hej, to przecież ja, Imoen”."
"As long as you did what you were required to and kill the Five, then I care little for what you think you know, fool.","Byłaś mi potrzebna tylko po to, by zabić Piątkę, tak więc nie obchodzi mnie, co sądzisz, że wiesz, głupia."
"Bark if you wish, mongrel. Whatever dull fangs you might have possessed have long since been pulled. If a has-been wishes to ride <CHARNAME>'s coat-tails it makes no difference to me... but you'll be disintegrated right along with <PRO_HIMHER>.","Szczekaj, jeśli chcesz, kundlu. Nawet jeśli miałeś kiedyś jakieś tępawe kły, już dawno ci je usunięto. Nie robi mi różnicy, że jakiś nieudacznik chce windować się na plecach siostry... Ale zostaniesz zmieciony na pył wraz z nią."
"Best hike up your skirts and run, Bodhi. The time when I found vampires remotely threatening is long past!","Lepiej podwijaj kiecę i uciekaj, Bodhi. Czasy, kiedy uważałam, że wampiry są choć trochę groźne, już dawno przeminęły!"
"Bhaalspawn Powers

<CHARNAME> has gained permanent negative plane protection (i.e., <CHARNAME> cannot be level-drained) and 5% magic resistance.","Moce pomiotu Bhaala

<CHARNAME> uzyskał<PRO_HESHE> permanentną ochronę przed negatywną energią (tj. nie da się wyssać jej poziomów) oraz 5% odporności na magię."
"But do not forget our deal. I am impatient for the piece of your soul you promised me. I have enjoyed our dance Child of Bhaal, but I tire of this place. Give me what I want so I may leave... we need not meet each other again, unless you wish it.","Ale nie zapominaj o naszej umowie. Nie mogę się doczekać cząstki duszy, którą mi obiecałaś. Podobały mi się te nasze harce, ten cały taniec, Dziecię Bhaala, ale dość już mam tego miejsca. Daj mi to, czego chcę, i odejdę... Nie spotkamy się nigdy więcej, o ile sama nie tego nie zechcesz."
"But the simple truth is your words ring hollow to me. I do not believe them. You have fought against destiny, yet I see it in you even the more as you speak.","Ale prawda jest taka, że twoje słowa brzmią dla mnie nieszczerze. Nie wierzę ci. Walczyłaś ze swoim przeznaczeniem, a mimo to widzę je w tobie coraz wyraźniej."
"Do not speak her name, dog. Ellesime will understand the fullness of her regret soon enough. As for you... Melissan has given me the opportunity to return an old favor. One ascension for another... it rings with universal justice.","Nie wymawiaj jej imienia, suko. Ellesime już wkrótce w pełni pożałuje swoich błędów. A co do ciebie... Melissana dała mi szansę, bym odwzajemnił ci dawną przysługę. Wniebowstąpienie za wniebowstąpienie... Wybrzmiewa w tym jakaś uniwersalna sprawiedliwość."
"Do you think that others of our kind are any different? Count them, <CHARNAME>, and think of the multitudes of Bhaalspawn that existed and brought misery to others, if not by intent, then even by their very presence. Would you allow such carnage to continue? Have we not spared the entire land from agony by the slaying of our siblings?","Myślisz, że pozostała część naszego rodzeństwa jest inna? Policz ich, <CHARNAME>, i pomyśl, ile pomiotów Bhaala istniało i przynosiło cierpienie innym, nawet jeśli nie umyślnie, to przez samą swoją obecność. Pozwoliłabyś, by taka rzeź wciąż miała miejsce? Czy nie ocaliliśmy całych Krain przed agonią, zabijając nasze rodzeństwo?"
"Even had destiny not brought us to this point, I doubt things would have been different. Perhaps if you had not borne the taint of our sire, things might have been different with you. I would have liked to meet a <PRO_MANWOMAN> such as yourself without the taint on your soul, I think. But now I have little choice.","Nawet gdyby przeznaczenie nie doprowadziłoby nas tutaj, wątpię, by sprawy potoczyły się inaczej. Być może gdybyś nie nosiła skazy naszego ojca, sprawy potoczyłyby się inaczej dla ciebie. Rad byłbym poznać kogoś takiego jak ty, bez skazy na duszy. Ale teraz nie mam wyboru."
"Fool! You think to betray me, Child of Bhaal? I refuse to return to the abyss. I shall rip every shred of that soul from your body! Let the dance end here!","Głupia! Myślisz, że możesz mnie zdradzić, Dziecię Bhaala? Odmawiam powrotu do otchłani. Wyrwę z twego ciała każdy skrawek duszy! Ten taniec zakończy się teraz!"
"For six days after <CHARNAME>'s ascension, Dorn il-Khan raged across southern Tethyr, convinced his lover had betrayed him. But on the seventh dawn, as he awoke surrounded by the carnage of the previous night, the half-orc felt a power burning inside him that he had never known before. The new God of Murder had chosen <PRO_HISHER> first champion. Dorn wasted no time in gathering followers and leading them against the Church of Cyric, relentlessly butchering the Mad God's faithful from Mir to Icewind Dale. With each slaughter, the cult of <CHARNAME> grew in power and infamy. Finally, swollen with pride and divine favor, Dorn was felled by a most unlikely alliance between the desperate Cyricists and the Order of the Radiant Heart. But it is said that since that day, a dark shadow stands vigilant beside the Throne of Blood...","Przez sześć dni po tym, jak <CHARNAME> wstąpiła na tron po swoim ojcu, Dorn Il-Khan dawał upust swej wściekłości w całym południowym Tethyrze, przekonany, że kochanka zdradziła go. Jednakże siódmego dnia, budząc się wśród pozostałości jatki, której dokonał poprzedniej nocy, półork poczuł, że w jego wnętrzu płonie moc, jakiej nie znał nigdy wcześniej. Nowa Bogini Mordu wybrała go na swojego pierwszego rycerza. Dorn nie tracił czasu, zebrał wyznawców i poprowadził ich na wojnę przeciwko kościołowi Cyrica, bezlitośnie wyrzynając wiernych Szalonego Boga od Mir po Dolinę Lodowego Wichru. Z każdym kolejnym zabójstwem kult nowej Pani Mordu rósł w siłę i niesławę. W końcu jednak przepełniony dumą i boską łaską Dorn poległ w boju. Jego zguba była dziełem zupełnie nieprawdopodobnego sojuszu zdesperowanych wyznawców Cyrica i Zakonu Promiennego Serca. Powiadają jednak, że od tego dnia mroczny cień pełni straż przy Tronie Krwi..."
"Get over yourself, little girl. I never asked you to come, did I?","Za kogo ty się masz, smarkulo? Nie zapraszałam cię tutaj, nieprawdaż?"
"Hmmm, I could kill you... no, I have better things to do. Take these scraps of my essence and depart.","Hmmm, mogłabym cię zabić... Nie, mam ważniejsze sprawy na głowie. Bierz te ochłapy mojej esencji i oddal się."
"I am your <PRO_BROTHERSISTER>, Balthazar. Let us fight what is inevitable! We can work together!","Jestem twoją siostrą, Balthazarze. Walczmy z tym, co nieuniknione! Możemy działać razem!"
"I cannot pretend to know what you are thinking, now, of the decision you must make. Nor do I pretend to certainty that the taint would bring such a <PRO_MANWOMAN> such as yourself towards evil. Perhaps you would overcome that taint and be a good god, I cannot say.","Nie mogę udawać, że wiem, o co teraz myślisz o decyzji, którą musisz podjąć. Nie śmiem też twierdzić, że skaza zdołałaby cię popchnąć ku złu. Być może ją przezwyciężysz i staniesz się dobrą boginią, tego nie wiem."
"I cannot thank you enough, <CHARNAME>, for the gift you have given me. I once thought I had done everything I could to fight for what was good... but it was you that showed me how wrong I was. Without you, I would have died with that stain upon my soul and perhaps even been Melissan's puppet forever.","Nie wiem, jak ci dziękować za ten dar, <CHARNAME>. Niegdyś uważałem, że zrobiłem wszystko, co w mojej mocy, by walczyć o dobro... Ale to ty pokazałaś mi, jak bardzo się myliłem. Bez ciebie zginąłbym wraz ze skazą na mej duszy i być może na zawsze stałbym się marionetką Melissany."
"I do not stand here proud of my accomplishments in attaining what I see to be a necessary goal... but neither should you. You have blundered about, causing more harm by your negligence than I ever could by my plotting.","Nie jestem dumny ze swych dokonań na drodze do osiągnięcia niezbędnego celu...  Ale ty również nie masz powodów do dumy. Błądziłaś po omacku, wyrządzając więcej krzywd swoim niedbalstwem niż ja moimi intrygami."
"I don't know how to explain it, exactly, but she must have used you! She used everyone else! I didn't trust her and she even got me to do what she wanted!","Nie wiem, jak to dokładnie wytłumaczyć, ale ona się tobą posłużyła! Posłużyła się wszystkimi! Nie ufałam jej, a mimo to udało jej się sprawić, że zrobiłam to, czego chciała!"
"I have been told many things by agents of Alaundo's prophecy... higher beings that have sought me out to prepare me. Alaundo's prophecy does not necessarily mean what you think it does, Balthazar.","Wiele usłyszałam od wysłanników przepowiedni Alaundo... Wyższych istot, które miały mnie przygotować do starcia z moim przeznaczeniem. Przepowiednia Alaundo nie musi oznaczać tego co myślisz, Balthazarze."
"I have changed since our last encounter, Bodhi. I am above you and your pitiful games. They bore me and I shall put an end to them!","Zmieniłam się od naszego ostatniego spotkania, Bodhi. Twoje żałosne gierki nie robią na mnie wrażenia. Nudzą mnie one i położę im kres!"
"I have little doubt that you know whereof I speak. The taint is strong within you... stronger than any single other spawn of our sire that I have seen. You have felt the dreams, the urges, have you not? The chaos that is your destiny has ripped wantonly through your life, regardless of your wishes, has it not? Do you deny that you bring violence and destruction wherever you go, <CHARNAME>?","Bez wątpienia wiesz, o czym mówię. Skaza w twojej duszy jest silna... silniejsza niż każdego innego pomiotu naszego ojca, który napotkałem. Czułaś te marzenia, te pragnienia, czyż nie? Chaos, który jest twoim przeznaczeniem, nieposkromiony pustoszył twoje życie, niezależnie od twej woli, czyż nie? Czy zaprzeczysz, że sprowadzasz przemoc i zniszczenie, gdziekolwiek się udajesz, <CHARNAME>?"
"I make no judgement upon you, <CHARNAME>. You are what you were born to be. I can only trust myself to hold to the path of good that will lead to the destruction of the true evil that threatens Faerun. There is no other path for me.","Nie osądzam cię, <CHARNAME>. Jesteś tym czym, miałaś być. Mogę jedynie ufać, że uda mi się pozostać na ścieżce dobra, która prowadzi do zniszczenia zła zagrażającego Faerunowi. Nie ma dla mnie innej ścieżki."
"I see you are now more Slayer than <PRO_MANWOMAN>. How dull. You provided such small amusement last time, I doubt that this will be different.","Widzę, że jesteś teraz bardziej Zabójcą niż samą sobą. Jakież to nudne. Dostarczyłaś mi niewiele zabawy ostatnim razem, wątpię, że teraz będzie inaczej."
"I thought you were going to kill yourself after I was dead. Sure you won't see some more evil once Melissan is dead, too? You'd probably make a promising Lord of Murder, you know...","Myślałam, że zamierzałeś popełnić samobójstwo po mojej śmierci. Czy jesteś pewien, że nie dostrzeżesz kolejnego zła, kiedy już Melissana będzie martwa? Pewnie byłby z ciebie dobrze zapowiadający się Pan Mordu, wiesz..."
"I was trying to convince Melissan to leave you alone, Imoen!","Próbowałam przekonać Melissanę, by zostawiła cię w spokoju, Imoen!"
"I would expect no other response from a true <PRO_BROTHERSISTER> of mine. I know too well the thirst for death that comes with the taint of our sire. I have mastered it, but only barely... I pity those who are a slave to it.","Nie spodziewałem się innej odpowiedzi od mojej siostry. Zbyt dobrze znam pragnienie śmierci, które przynosi skaza naszego rodziciela. Mnie udało się je opanować, choć z ledwością... Szkoda mi jednak tych, którzy stali się jego niewolnikami.
"
"I'm... just glad I didn't do anything worse while I was... when I... oh, I just don't know how you handled it back in Spellhold. Thank you for... not killing me, okay?","Ja... Cieszę się tylko, że nie zrobiłam nic gorszego, kiedy byłam... kiedy ja... Och, po prostu nie mam pojęcia, jak ty sobie z tym poradziłaś w Czarowięzach. Dziękuję ci... że mnie nie zabiłaś."
"If that is your choice, you may surrender the portion of your divine essence to your elder sibling. You may become a normal mortal, with a destiny to follow as you see fit.","Jeśli taki jest twój wybór, możesz oddać twą cząstkę boskiej esencji swej starszej siostrze. Możesz stać się zwykłym śmiertelnikiem, z przeznaczeniem, które sam sobie ustalisz."
"In his short time with <CHARNAME>, Balthazar reached a new enlightenment. He understood that vigilance must be tempered with compassion, justice with mercy. Resolved to never again repeat the mistakes of his past, Balthazar returned to his monastery and drove out the remaining criminal elements, making the outpost safe for new settlers and merchants. As the years passed, Amkethran became the jewel of Tethyr, renowned for its cultural richness and the serenity it offered. Balthazar himself was instrumental in creating the Monastic Guard, an elite group of paladins and monks sworn to protect the common folk from tyranny. When his work was done, and he had earned the respect and love of his people many times over, Balthazar embarked on a pilgrimage to Candlekeep. There he studied <CHARNAME>'s humble beginnings, and gave thanks for the peace his <PRO_BROTHERSISTER> had brought.","<CHARNAME> i Balthazar nie spędzili razem wiele czasu, ale wystarczyło to, by mnich dostąpił nieznanych mu wcześniej wyżyn oświecenia. Zrozumiał, że czujność musi iść w parze ze współczuciem, a sprawiedliwość z miłosierdziem. Postanowił sobie nigdy ponownie nie popełniać dawnych błędów. Powrócił do swojego klasztoru i wypędził zeń resztę złoczyńców, zapewniając bezpieczne schronienie osadnikom i kupcom. Z upływem lat Amkethran stał się klejnotem Tethyru, słynącym z bogactwa kulturowego i powszechnego pokoju. Sam Balthazar odegrał kluczową rolę w stworzeniu Straży Klasztornej, elitarnej grupy mnichów i paladynów, którzy poprzysięgli chronić prosty lud przed tyranią. Gdy dzieło Balthazara zostało ukończone, on sam zyskał miłość i szacunek otoczenia. Wtedy też wyruszył na pielgrzymkę do Candlekeep, gdzie poznał skromne początki historii swej siostry i złożył dziękczynienie za spokój, który jej zawdzięczał."
"In the end, it was Bodhi's ambition that sealed her fate. Her dealings with <CHARNAME> had given her a brief taste of divinity, and when it faded she became obsessed with recapturing that glory. She stalked the shadows of the Sword Coast, bathing in the blood of countless victims, and every attempt to hunt her down ended the same way: with the drained corpses of clerics and knights scattered about, and no trace of the vampire herself. But this time Bodhi's thirst was without end, without satisfaction. At last her frenzy drove her back to Suldanessellar, and at the gates of the city she found Ellesime waiting for her. They fought all through the night, both driven by memories of the past, until Bodhi's fangs found the queen's throat just as a stake pierced her black heart. As Bodhi fell to dust for the last time, she could hear her brother's voice raised in mocking laughter, following her into oblivion.","Koniec końców okazało się, że to ambicje Bodhi ostatecznie przypieczętowały jej los. <CHARNAME> i kontakty z nią pozwoliły jej posmakować boskiej mocy. Kiedy tej mocy zabrakło, Bodhi obsesyjnie starała się ją odzyskać. Czaiła się w cieniach na całym Wybrzeżu Mieczy, kąpała we krwi niezliczonych ofiar, ale każda próba pochwycenia jej kończyła się tak samo – znajdowano porzucone ciała kapłanów i wojowników, osuszone z krwi, ale po wampirzycy nie było ani śladu. Tym razem jednak pragnienie Bodhi nie mogło zostać zaspokojone. Zaślepiona szałem trafiła z powrotem do bram Suldanessellar, gdzie czekała na nią Ellesime. Walczyły całą noc, obie popychane przez echa przeszłości. W końcu kły Bodhi dosięgły gardła królowej, dokładnie w tym samym momencie, kiedy kołek przebił jej czarne serce. Gdy Bodhi rozpadła się w pył po raz ostatni, usłyszała szyderczy śmiech brata, a ten towarzyszył jej w całej drodze w zaświaty."
"In the years following his resurrection by <CHARNAME>, Sarevok Anchev never settled anywhere for long. In Berdusk, he is said to have routed an army of invading orcs, displaying such power and rage that terrified locals weren't sure whom to fear more. In Westgate, he arrived as conqueror, brutally enforcing his will only to mysteriously vanish weeks later, leaving his startled followers to the mercies of an angry mob. He acted like a man that did not know himself, and it became abundantly clear that Sarevok was a tortured soul caught between life and death, unable to appreciate either. Eventually he disappeared entirely from Faerun, and was thought to have taken his own life. In truth, he journeyed to Kara-Tur to bury his one true love, the warrior Tamoko. He never returned, though the stories endure.","Przez wiele lat po tym, jak wskrzesiła go <CHARNAME>, Sarevok Anchev nie zagrzał nigdzie miejsca na dłużej. Powiadają, że w Berdusk rozgromił armię orczych najeźdźców, wykazując się przy tym tak straszliwą mocą i szałem bitewnym, że przerażeni mieszkańcy nie wiedzieli, kogo powinni bardziej się obawiać. Do Wrót Zachodu przybył jako zdobywca, brutalnie narzucił miastu swoje rządy, tylko po to, by kilka miesięcy później przepaść w tajemniczych okolicznościach, pozostawiając swoje zaskoczone wojska na łasce rozjuszonej tłuszczy. Sarevok zachowywał się jak ktoś, kto nie zna sam siebie i stało się jasne, że jego udręczona dusza została zawieszona pomiędzy życiem a śmiercią, niezdolna osiągnąć pełni żadnego z nich. Koniec końców zniknął całkowicie z Faerûnu, sądzono wręcz, iż odebrał sobie życie. W rzeczywistości udał się do Kara-Tur, by pochować swą jedyną prawdziwą miłość, wojowniczkę Tamoko. Nigdy już nie powrócił, lecz opowieści o nim są wciąż żywe."
"In the years following his resurrection by <CHARNAME>, Sarevok Anchev never settled anywhere for long. In Berdusk, he is said to have routed an army of invading orcs, displaying such power and rage that terrified locals weren't sure whom to fear more. In Westgate, he arrived as conqueror, brutally enforcing his will only to mysteriously vanish weeks later, leaving his startled followers to the mercies of an angry mob. He acted like a man that did not know himself, and it became abundantly clear that Sarevok was a tortured soul caught between life and death, unable to appreciate either. Eventually he disappeared entirely from Faerûn, and was thought to have taken his own life. In truth, he journeyed to Kara-Tur to bury his one true love, the warrior Tamoko. He never returned, though the stories endure.","Mimo iż minęły lata odkąd <CHARNAME> go wskrzesiła, Sarevok Anchev przez cały ten czas nie zagrzał nigdzie miejsca na dłużej. Historia głosi, iż będąc w Berdusk, zdołał rozgromić nacierającą armię orków, demonstrując przy tym tak wielką siłę i wściekłość, że przerażeni mieszkańcy nie wiedzieli, kogo powinni obawiać się bardziej. Do Wrót Zachodu przybył z kolei jako najeźdźca, w brutalny sposób narzucając swą wolę, by po zaledwie kilku tygodniach zniknąć w tajemniczych okolicznościach, pozostawiając zszokowanych stronników na łaskę rozszalałego motłochu. Sarevok zachowywał się jak człowiek, który nie zna siebie samego i wkrótce stało się jasne, że jego udręczona dusza została zawieszona pomiędzy życiem a śmiercią, niezdolna do jakiegokolwiek współczucia. Pewnego dnia zniknął całkowicie z oblicza Faerûnu, wzbudzając przy tym plotki, iż postanowił odebrać sobie życie. W rzeczywistości udał się do Kara-Tur, by pochować swą jedyną prawdziwą miłość, wojowniczkę Tamoko. Nigdy już nie powrócił, lecz opowieści o nim są wciąż żywe."
"In the years following his resurrection by <CHARNAME>, Sarevok spent many years wandering throughout the Forgotten Realms, rarely spending much time in any single place. In Berdusk he is said to have routed an army of invading orcs, displaying such fearsome power and rage that terrified locals weren't sure whom to fear more... only to disappear quietly without expecting a reward. In Westgate he arrived as conqueror, brutally enforcing his will over the city only to mysteriously vanish months later, leaving his own startled men to the mercies of the angry mobs. He acted like a man that did not know himself, and all the stories agreed that Sarevok was a tortured soul, balanced between life and death, never to achieve either. Those who knew Sarevok best, which were few, said that the tormented warrior would in turn curse the fabled <CHARNAME> for giving him his second chance... and then thank <PRO_HIMHER>. Eventually he disappeared entirely from the Realms, said to have assaulted the Abyss itself or even taken his own life. In truth, he journeyed to Kara-Tur to bury his one true love, the warrior Tamoko. He never returned, though the stories endure.","Przez wiele lat po tym, jak wskrzesiła go <CHARNAME>, Sarevok poświęcał się wędrówce po Zapomnianych Krainach, rzadko pozostając dłużej w jednym miejscu. Powiadają, że w Berdusk rozgromił armię orczych najeźdźców, wykazując się przy tym tak straszliwą mocą i szałem bitewnym, że przerażeni mieszkańcy nie wiedzieli, kogo powinni bardziej się obawiać... Po wszystkim Sarevok zniknął niepostrzeżenie, nie oczekując żadnej nagrody. Do Wrót Zachodu przybył jako zdobywca, brutalnie narzucił miastu swoje rządy, tylko po to, by kilka miesięcy później przepaść w tajemniczych okolicznościach, pozostawiając swoje zaskoczone wojska na łasce rozjuszonej tłuszczy. Sarevok zachowywał się jak ktoś, kto nie zna sam siebie, a wszystkie opowieści o nim łączy jedno – był on duszą przeżywającą katusze, błądzącą między życiem i śmiercią, niezdolną osiągnąć żadnego z nich. Ci, którzy znali Sarevoka najlepiej, a nie było ich wielu, mówili, że umęczony wojownik na przemian przeklinał legendarną bohaterkę o imieniu <CHARNAME> za ofiarowanie mu drugiej szansy... i dziękował jej. W końcu Sarevok zniknął z Krain na dobre. Powiadają, że odważył się zaatakować samą Otchłań, a może nawet targnął się na własne życie. Prawda jest taka, że wyruszył w podróż do Kara-Tur, by pogrzebać jedyną miłość swojego życia, wojowniczkę Tamoko. Sarevok nigdy stamtąd nie powrócił, choć opowieści o nim są wiecznie żywe."
"Irenicus, I believe you called him. So easily culled as my own, since you abandoned him here recently... and such a valuable source of information on you, <CHARNAME>. After all... I believe you did share a soul, once, no? Say hello to the dear <PRO_MANWOMAN>, Irenicus.","Irenicus, tak chyba go nazywałaś. Tak łatwo wpadł w moje ręce po tym, jak niedawno go tu porzuciłaś... Cenne źródło informacji o tobie, <CHARNAME>. Poza tym... dzieliliście niegdyś duszę, nieprawdaż? Przywitaj się ze swą drogą przyjaciółką, Irenicusie."
"It... it's gone... I'm human again. Ohhhh, now I know what you went through, <CHARNAME>! I don't know if I ever want to go through that again!","To... to minęło... Znów jestem człowiekiem. Oooch, teraz już wiem, przez co musiałaś przejść, <CHARNAME>! Nie wiem, czy kiedykolwiek chciałabym doświadczyć tego ponownie!"
"Jan Jansen's life following his time with <CHARNAME> was unsurprisingly convoluted, the barest of details hidden amidst half-truths and whole lies. According to his published memoirs, ""A Jansen in Every Port"", Jan's short prison term for monkey smuggling led him to return to his first love: monkey smuggling. It was believed he was the cause of the now-infamous Gibbon Riot of '72, a tumultuous and altogether unclean event that seemed to center on the estate of the Shadow Thief Vaelag. Jan denied planning the rogue's downfall, but could not explain what practical application he may intended for a horde of knife-wielding simians. Nevertheless, Vaelag's death could not be linked to the young gnome, as Jan had alibis for each and every second of the day in question. And what a day it must have been! Relatives from across the Realms came forward to say that he had stopped by for tea and turnips. At his later wedding to Lissa, Jan was asked how he managed to be in so many places at once, and yet still so far from the scene of the crime. ""Well,"" Jan replied, ""when you have that many monkeys, anything is possible.""","Historia Jana Jansena już po rozstaniu z drużyną, której przewodziła <CHARNAME>, jest niezwykle pogmatwana, co nikogo zresztą nie dziwi. Spośród półprawd i wierutnych kłamstw można wyłowić jedynie strzępy tego, co rzeczywiście miało miejsce. Jan opublikował wspomnienia zatytułowane „Jansen w każdym porcie”. Według nich krótka odsiadka za przemyt małp zaprowadziła go z powrotem w ramiona pierwszej miłości – przemytu małp. Powszechnie uważano, że to on spowodował Zamieszki Gibbonów z roku 72, burzliwe i wielce podejrzane wydarzenia, do których doszło w majątku pewnego Złodzieja Cienia, Vaelaga. Jan zaprzeczał, jakoby planował zgubę łotrzyka, ale jednocześnie nie potrafił wyjaśnić, do czego chciał wykorzystać hordę uzbrojonych w noże małp. Tak czy owak, śmierć Vaelaga nie mogła być jednoznacznie powiązana z młodym gnomem, bowiem Jan miał alibi na każdy moment tego feralnego dnia. Zaiste, cóż to musiał być za dzień ! Krewni z całych Krain na wyprzódki zeznawali, że akurat wtedy wstąpił do nich na herbatę i rzepkę. Już później, podczas wesela jego i Lissy, pytano Jana, jak też zdołał być w tak wielu miejscach naraz, a jednocześnie tak daleko od miejsca zbrodni. „No cóż”, odpowiadał Jan, „kiedy masz tak wiele małp, wszystko jest możliwe”."
"Let Melissan tremble when she sees us together, and we shall strike her down as she deserves. Even if Bhaal himself is resurrected, he will not be able to hold out against us both. I have preparations to make, <CHARNAME>. Go to the Throne of Bhaal. When the time comes, I will be there.","Sprawmy by Melissana zadrżała, gdy zobaczy nas razem, i dajmy jej to, na co zasługuje. Nawet jeśli sam Bhaal ma zmartwychwstać, nie będzie w stanie zwyciężyć nas obojga. Muszę się jeszcze przygotować, <CHARNAME>. Udaj się do Tronu Bhaala. Kiedy czas nadejdzie, zjawię się tam i ja."
"Nalia de'Arnise learned a valuable lesson at the fall of Saradush: striking out at evil did not always help those in need. Though she had grown powerful during her partnership with <CHARNAME>, she felt she could do more good back in Amn. Her homecoming was spoiled when she learned that de'Arnise Keep had fallen under the control of Isaea Roenall, but she was no longer the wayward child he had known. The archmage single-handedly brought him to justice for his indiscretions, and then declared herself the inheritor of her father's ducal title. Within six months, Nalia had earned a seat on the Council of Six, and the people grew to love and rely on her leadership. She remained a prominent figure in Amnish politics for the rest of her life, constantly fighting for the good of the common folk and making many frustrated enemies among both the nobility and the Cowled Wizards.","Nalia de'Arnise wyciągnęła cenną naukę z upadku Saradush: bezpośrednie uderzenie w zło nie zawsze pomaga potrzebującym. Mimo że <CHARNAME> umożliwiła jej zdobycie wielkiej mocy, czuła, że może zrobić o wiele więcej dobrego, powracając do Amn. Radość z powrotu zepsuła jej wiadomość, że Twierdzą de'Arnise władał obecnie Isaea Roenall. Ale Nalia nie była już rozkapryszonym dzieckiem, które znał Isaea. Arcymistrzyni magii samodzielnie wymierzyła mu sprawiedliwość za wszystkie występki, po czym ogłosiła się prawowitą dziedziczką książęcego tytułu swojego ojca. W ciągu sześciu miesięcy Nalia zasiadła w Radzie Sześciu, a mieszkańcy Amn pokochali ją i polegali na jej przywództwie. Do końca życia pozostała prominentną osobistością w polityce Amn, zawsze walcząc o dobro prostego ludu i wzbudzając frustrację pośród wrogów, zarówno ze szlachty, jak i Zakapturzonych Czarodziejów."
"Nalia grew quite powerful after her association with <CHARNAME>. Initially she traveled, slaking her thirst for magical lore by associating with some of the greatest wizards across the Realms. She sought to use her great power to bring justice to the land, but over time found that if her time with <CHARNAME> had taught her anything, it is that such power must be tempered with wisdom or it is useless. She could strike out at evil as she wished... it did not always help the needy, as she thought it would, and after a year of travel she remembered that there was a far better way that she could be of service to her people.
Nalia returned to Amn and her family home of de'Arnise Hold. She found it in the control of none other than Isaea Roenal, but she was no longer the wayward child that he expected, and single-handedly brought him to justice for his indiscretions. She declared herself the inheritor of her father's ducal title, and for once there was no argument from the local nobility. They snubbed her and her magic, and initially rejoiced when the Cowled Wizards sought to remove her from power. Nalia demonstrated to them all that she was no-one to trifle with, however, and the Cowled Wizards learned to fear her name. Over time Nalia became a beloved ruler, respected archmage, and eventually earned a seat on the Amnish Council of Six itself. The nobility grew to rely on Nalia's leadership, and she would become a prominent figure in Amn for many years, constantly fighting for the good of the common folk and making many frustrated enemies among the nobility and Cowled Wizards both. Nalia would die many years later, surrounded by a loving family... her last words would be to thank <CHARNAME> for so long ago showing her the true path she needed to walk.","Po rozstaniu z drużyną, której przewodziła <CHARNAME>, Nalia stopniowo weszła w posiadanie pokaźnej mocy. Początkowo podróżowała, zaspokajając swój głód wiedzy magicznej poprzez kontakty z niektórymi z najwybitniejszych magów w Krainach. Zamierzała wykorzystać swą potęgę, by zaprowadzić sprawiedliwość w Krainach. Z biegiem czasu jednak zrozumiała, że jeśli czas, który spędziła z nią <CHARNAME>, nauczył ją czegoś, to tego, że wielka moc musi iść w parze z mądrością, inaczej będzie bezużyteczna. Mogła zwalczać zło wedle woli... Ale to nie zawsze pomagało potrzebującym, tak jak oczekiwała. Po roku podróżowania zdała sobie sprawę, że istnieje lepszy sposób, by pomagać innym. 
Nalia powróciła do Amn i swojego domu rodzinnego, Twierdzy D'Arnise. Okazało się, że Twierdza była we władaniu nikogo innego jak Isaei Roenala. Jednak Nalia nie była już rozkapryszonym dzieckiem, którego Roenal się spodziewał, i samodzielnie wymierzyła mu sprawiedliwość za wszystkie występki. Nalia ogłosiła się spadkobierczynią książęcego tytułu po swoim ojcu, a miejscowa szlachta wreszcie nie wyraziła sprzeciwu. Nie docenili oni ani Nalii, ani jej magii, i początkowo radowali się, gdy Zakapturzeni Czarodzieje zamierzali pozbawić ją władzy. Nalia udowodniła wszystkim, że nie warto z nią zadzierać, a Zakapturzeni Czarodzieje odtąd ze strachem wymawiali jej imię. Z czasem Nalia została uwielbianą przez poddanych władczynią, arcymistrzynią magii, a w końcu zasiadła nawet w Radzie Sześciu w Amn. Szlachta poczęła polegać na przywództwie Nalii, a ona sama przez wiele lat pozostawała prominentną osobistością w Amn. Wciąż walczyła o prawa zwykłych kmieci, wzbudzając frustrację pośród wrogów, zarówno ze szlachty, jak i Zakapturzonych Czarodziejów. Nalia umarła wiele lat później, otoczona przez kochającą rodzinę... W ostatnich słowach podziękowała dawnej towarzyszce o imieniu <CHARNAME> za pokazanie jej właściwej ścieżki, którą powinna kroczyć."
"No! You have listened to nothing I have said! It *is* that way because there is no choice for us! You would have me forget all the murders I have committed with my own hands, all the wrongs I have done in the name of the greater good... I cannot forget! I will not forgive myself and I will *not* allow others to be afflicted with the taint I possess!","Nie! W ogóle mnie nie słuchałaś! JEST właśnie tak, ponieważ nie mamy wyboru! Chcesz, bym zapomniał o wszystkich morderstwach, które popełniłem, o wszelkich niegodziwościach uczynionych w imię wyższego dobra... Nie mogę o tym zapomnieć! Nie mogę sobie tego wybaczyć i NIE pozwolę, by inni mieli styczność z moją skazą!"
"No. How could I trust you? What if we were to vanquish Melissan, I would be weakened... you could end my life there and everything I have been working towards will be for nothing.","Nie. Jak mógłbym ci zaufać? Co jeżeli zwyciężylibyśmy Melissanę, a ja byłbym osłabiony... Mogłabyś łatwo zakończyć moje życie i wszystko, o co walczyłem, poszłoby na marne."
"Oh Child of Bhaal, such a game you play. You think to trick me, but I shall not be fooled so easily. I know you to be ever so desperate to do 'good' and this would not bode well for me. No, this ends here.","Och, Dziecię Bhaala, cóż to za gierki. Myślałaś, że możesz mnie zwieść, ale mnie niełatwo oszukać. Wiem, że zawsze usilnie będziesz czynić „dobro”, a to nie wróży mi nic dobrego. Nasze porachunki musimy zakończyć tutaj."
"Sarevok's Sword of Chaos
The blade of Sarevok, brother of <CHARNAME>, used in the battle they fought in faraway Baldur's Gate. <CHARNAME> prevailed, destroying Sarevok's plans and rescuing the Sword Coast from the brink of war. Now Sarevok has joined with <CHARNAME>'s cause and his blade has been restored to him. Sarevok describes the weapon as a Deathbringer blade and has restored some of the weapon's old power. Without his Bhaalspawn essence to channel through the sword, however, it cannot achieve the power it once had. Still, however, it is a formidable weapon...and one that Sarevok warns would become increasingly difficult to wield in the hands of one who was not a Deathbringer, if they could use it at all.

STATISTICS:

Combat abilities:
- Each hit drains one to five Hit Points from the target and transfers it to the wielder. This will not heal beyond the wielder's maximum.

Equipped abilities:
- Magic Resistance: +10%

Damage: 1D10 +4
THAC0: +4 bonus
Damage type: slashing
Speed Factor: 8
Proficiency Type: Two Handed sword
Type: 2-handed
Requires: 14 Strength, 18 Constitution
Weight: 10
Not Usable By:
Cleric
Mage
Paladin
Ranger
Druid
non-Chaotic aligned","Miecz chaosu Sarevoka
Tego oto miecza dobywał Sarevok, kiedy starł się ze swoją siostrą w odległych Wrotach Baldura. Jednakże to właśnie jego siostra, <CHARNAME>, zwyciężyła, obracając wniwecz plany Sarevoka i ratując Wybrzeże Mieczy od nieuchronnej wojny. Teraz, gdy Sarevok i <CHARNAME> walczą ramię w ramię, ostrze powróciło do prawowitego właściciela. Sarevok nazywa je ostrzem Zwiastuna Śmierci, udało mu się również przywrócić mu część jego dawnej mocy. Mimo to, odkąd nie przenika go esencja Bhaala, miecz nie może odzyskać pełni swej niegdysiejszej potęgi. Wciąż pozostaje on jednak niebywale groźną bronią… którą, według Sarevoka, nie zdoła władać nikt inny niż Zwiastun Śmierci.


PARAMETRY:

Obrażenia: 1k10 +4
TraK0: +4
Specjalne:
 Każde trafienie wysysa z ofiary od jednego do pięciu punktów życia i przekazuje je posiadaczowi miecza. Zgromadzone w ten sposób punkty 
 życia nie przekroczą jednak maksymalnej liczby punktów dzierżącego miecz.
 10% odporności na magię kiedy jest w użyciu
Typ obrażeń: sieczne
Waga: 10
Opóźnienie: 8
Rodzaj biegłości: miecz oburęczny
Typ broni: 2-ręczna
Wymagana: 
– Siła: 14
– Kondycja: 18
Nie może używać:
 Kapłan
 Mag
 Paladyn
 Łowca
 Druid
 Postać o charakterze innym niż chaotyczny"
"So I see. How absolutely delicious to let me in on your little play with the Bhaalspawn again, brother dear. And how are you, <CHARNAME>? I do so hope you are as... healthy... as I remember. Shall we continue our merry dance?","Ach tak. Jakże to wybornie z twojej strony, aby pozwolić mi przyłączyć się do twojej zabawy z pomiotem Bhaala, drogi bracie. Jak się miewasz, <CHARNAME>? Mam nadzieję, że jesteś tak... zdrowa... jak pamiętam. Czy zatańczymy raz jeszcze?"
"So you have betrayed me, <CHARNAME>. It would seem that working together was never our true calling.","A więc zdradziłaś mnie, <CHARNAME>. Wygląda na to, że współpraca nigdy nie była naszym prawdziwym powołaniem."
"Strength is nothing, <CHARNAME>. You may vanquish me with your might, and you may even vanquish Melissan. But you will never vanquish yourself. Might will bring you no peace... this I know. And this is why I must be the last.","Siła jest niczym, <CHARNAME>. Możesz zwyciężyć mnie swoją potęgą, możesz nawet zwyciężyć Melissanę. Ale nigdy nie podołasz samej sobie. Potęga nie przyniesie ci spokoju... tego jestem pewien. I to jest powód, dla którego to ja muszę być ostatni."
"Such an ungrateful <PRO_MANWOMAN> you are. Still, I have life once more, and I intend to enjoy it. Perhaps the wizards of Spellhold still wish to play?","Ależ z ciebie niewdzięcznica. Mimo wszystko znów jestem żywa i zamierzam z tego korzystać. Być może czarodzieje w Czarowięzach wciąż chcieliby się pobawić?"
"The blade of Sarevok, brother of <CHARNAME>, used in the battle they fought in faraway Baldur's Gate. <CHARNAME> prevailed, destroying Sarevok's plans and rescuing the Sword Coast from the brink of war. Now Sarevok has joined with <CHARNAME>'s cause and his blade has been restored to him. Sarevok describes the weapon as a Deathbringer blade and has restored some of the weapon's old power. Without his Bhaalspawn essence to channel through the sword, however, it cannot achieve the power it once had. Still, however, it is a formidable weapon...and one that Sarevok warns would become increasingly difficult to wield in the hands of one who was not a Deathbringer, if they could use it at all.

STATISTICS:

Combat abilities:
- Each hit drains one to five Hit Points from the target and transfers it to the wielder. This will not heal beyond the wielder's maximum.

Equipped abilities:
- Magic Resistance: +10%

THAC0: +4
Damage: 1d10+4 (slashing)
Speed Factor: 8
Proficiency Type: Two-handed Sword
Type: Two-handed

Requires:
14 Strength
18 Constitution

Weight: 10","Tego oto miecza dobywał Sarevok, kiedy starł się ze swoją siostrą w odległych Wrotach Baldura. Jednakże to właśnie jego siostra, <CHARNAME>, zwyciężyła, obracając wniwecz plany Sarevoka i ratując Wybrzeże Mieczy od nieuchronnej wojny. Teraz, gdy Sarevok i <CHARNAME> walczą ramię w ramię, ostrze powróciło do prawowitego właściciela. Sarevok nazywa je ostrzem Zwiastuna Śmierci, udało mu się również przywrócić mu część jego dawnej mocy. Mimo to, odkąd nie przenika go esencja Bhaala, miecz nie może odzyskać pełni swej niegdysiejszej potęgi. Wciąż pozostaje on jednak niebywale groźną bronią… którą, według Sarevoka, nie zdoła władać nikt inny niż Zwiastun Śmierci.


PARAMETRY:

Specjalne:
–  Każde trafienie wysysa z ofiary od jednego do pięciu punktów życia i przekazuje je posiadaczowi miecza. Zgromadzone w ten sposób punkty 
 życia nie przekroczą jednak maksymalnej liczby punktów dzierżącego miecz.
– Odporność na magię: 10%

TraK0: +4
Obrażenia: 1k10 +4
Typ obrażeń: sieczne
Opóźnienie: 8
Rodzaj biegłości: miecz oburęczny
Typ broni: 2-ręczna

Wymagania:
– Siła: 14
– Kondycja: 18

Waga: 10"
"The events of the Bhaalspawn saga affected Jaheira deeply. It was her duty to protect the greater balance of things, but in the years to come she found an increased portion of that fight occurring within her own mind. Witness to great change while in <CHARNAME>'s company, she had become acutely aware of how fleeting life was, and how the loss of those she held dear ate away at her thoughts. In time she would be known as a tireless champion of balance, one that sometimes acted in concert with the Harpers and sometimes did not. Jaheira operated quietly, appearing when needed and moving on when not. Many called out to her for leadership, but always Jaheira would deny that she was capable of such and say that there was somewhere else that needed her aid more. She remained distant and guarded, never staying long in any one place. It is said that she crossed the Forgotten Realms thrice over, always wandering and always searching... until finally she began to wonder what it was, in truth, that she was searching for.
What happened to Jaheira later in life is not well-known. Some say that Elminster eventually came to her and convinced her to take her place amongst the greatest commanders of the mysterious Harpers. Some say that she fell in battle against a great lich that threatened to defile the northern forests. Some also say that she went in search of <CHARNAME>, traveling to lands far beyond our own. Whatever happened to her, Jaheira never did return to either the Sword Coast or Tethyr ever again.","Wydarzenia związane z potomstwem Bhaala wywarły wielki wpływ na Jaheirę. Jej obowiązkiem była ochrona równowagi wszechrzeczy, ale z upływem lat sama zrozumiała, że ta walka toczy się w dużej mierze w jej własnym umyśle. Przebywając w drużynie, której przewodziła <CHARNAME>, była świadkiem wielkich zmian i doskonale zdawała sobie sprawę z tego, jak ulotne jest życie i jak utrata bliskich zawładnęła jej myślami. Z czasem Jaheira zyskała sławę jako niestrudzona obrończyni równowagi, która czasami postępowała zgodnie z zamysłami Harfiarzy, a czasami wbrew nim. Jaheira działała skrycie, pojawiając się, gdy była potrzebna i usuwając się na powrót w cień. Wielu widziało ją w przywódczej roli, lecz ona zawsze twierdziła, że nie nadaje się do tego i że jej pomoc jest bardziej potrzebna gdzieś indziej. Była ostrożna i niedostępna, nigdy też nie pozostawała długo w jednym miejscu. Mówi się, że Jaheira przemierzyła całe Krainy co najmniej trzykrotnie, wiecznie wędrując, wiecznie poszukując... dopóki w końcu nie zaczęła się zastanawiać, czego tak naprawdę szuka. 
Co stało się z nią potem, tego nie wiadomo. Niektórzy powiadają, że ostatecznie sam Elminster przybył do niej i przekonał ją, by zajęła należne jej miejsce pośród najważniejszych przywódców tajemniczych Harfiarzy. Inni mówią, że poległa w walce z potężnym liszem, który zagrażał północnym lasom. Jeszcze inni twierdzą, że wyruszyła na poszukiwania dawnej towarzyszki o imieniu <CHARNAME>, wędrując do najdalszych krajów. Cokolwiek się z nią stało, nigdy już nie powróciła do Tethyru ani na Wybrzeże Mieczy."
"The perils that Mazzy Fentan faced at the side of <CHARNAME> did nothing to dissuade her thirst for adventure. In fact, it was not long after the events in Tethyr that she formed the Fentan Knights, a stalwart band of heroes that spawned tales across the Realms. Always Mazzy invoked the name of <CHARNAME> when urging her comrades to valour, or when they battled doubt and temptation. <CHARNAME> was the greatest <PRO_MANWOMAN> that Mazzy had ever known, and the halfling knight felt it was her duty to try to live up to her old friend's legacy. The Fentan Knights battled trolls to save endangered towns, turned back tides of orcs to preserve ancient forests, and faced a rogue dragon in its own lair just to make the world a better place. Their legend was larger than life, especially so for Mazzy, and it was said on occasion that if valor were inches, she'd be twenty feet tall. It was well known that Mazzy's crowning achievement was the day she was annointed an honorary paladin in the great hall of the Radiant Heart. The first halfling ever to do so, indeed the first non-human, Mazzy's quiet tears of pride flowed freely down her face as the aged Prelate laid the Order's greatest honors across her shoulders. It was said that Mazzy scanned the crowd often during the ceremony, and for all the old friends that had been able to attend, the face she looked for most was <CHARNAME>'s. For all her risks, Mazzy eventually passed peacefully at a ripe old age. She had never settled down and had no children, but her legacy was one that would go on to inspire her people for generations to come.","Ogrom niebezpieczeństw, jakim Mazzy Fentan stawiała czoła wraz z drużyną, której przewodziła <CHARNAME>, nie ostudził w niej żądzy przygód. Przeciwnie, niedługo po wydarzeniach w Tetyrze stanęła na czele Rycerzy Fentan, drużyny niezłomnych herosów, która stała się tematem opowieści we wszystkich Krainach. Mazzy zawsze przywoływała przykład dawnej towarzyszki o imieniu <CHARNAME>, aby pokrzepić serca swych kompanów lub kiedy dopadały ich zwątpienie i pokusy. <CHARNAME> była najwspanialszym wzorem do naśladowania, jaki Mazzy kiedykolwiek znała, dlatego też niziołcza wojowniczka postawiła sobie za punkt honoru, aby prowadzić życie zgodne ze spuścizną przyjaciółki. Jej rycerze walczyli z trollami, by ocalić zagrożone miasta, niszczyli hordy orków, zagrażających pradawnym lasom, a nawet zabili złego smoka, tylko po to, by uczynić świat lepszym. Ich dokonania obrosły legendą, a o samej Mazzy mawiano, że gdyby męstwo mierzyło się w centymetrach, miałaby sześć metrów wzrostu. Koronnym osiągnięciem Mazzy było pasowanie na honorową paladynkę w siedzibie Zakonu Promiennego Serca. Był to pierwszy raz w historii, kiedy zaszczytu tego dostąpił niziołek, a nawet pierwszy raz, kiedy paladynem został ktoś spoza rasy ludzkiej. Po twarzy Mazzy cicho spływały łzy, kiedy stary Prałat składał na jej ramionach najwyższe odznaczenia Zakonu. Mówi się, że w czasie ceremonii Mazzy często przeczesywała wzrokiem tłum obecnych. Wśród twarzy wszystkich przyjaciół, którzy zjawili się na uroczystości, wypatrywała swej dawnej towarzyszki o imieniu <CHARNAME>. Po wszystkich zagrożeniach, z którymi się zetknęła, Mazzy dożyła sędziwego wieku i odeszła spokojną śmiercią. Nigdy się nie ustatkowała i nie doczekała dzieci, ale jej spuścizna stała się inspiracją dla następnych pokoleń."
"The perils that Mazzy Fentan faced at the side of <CHARNAME> did nothing to dissuade her thirst for adventure. In fact, it was not long after the events in Tethyr that she formed the Fentan Knights, a stalwart band of heroes that spawned tales across the Realms. They battled trolls to save endangered towns, turned back tides of orcs to preserve ancient forests, and faced a rogue dragon in its own lair just to make the world a better place. Their legend was larger than life, especially so for Mazzy, and it was said on occasion that if valor were inches, she'd be twenty feet tall. For all her risks, Mazzy passed peacefully at a ripe old age. And though she had never settled down and had no children, her name and legacy would live on in the deeds of her followers for generations to come.","Ogrom niebezpieczeństw, jakim Mazzy Fentan stawiała czoła wraz z drużyną, której przewodziła <CHARNAME>, nie ostudził w niej żądzy przygód. Przeciwnie, niedługo po wydarzeniach w Tetyrze stanęła na czele Rycerzy Fentan, drużyny niezłomnych herosów, która stała się tematem opowieści we wszystkich Krainach. Przyświecał im cel, aby uczynić świat lepszym, dlatego bronili miasta przed atakami trolli, ratowali starożytne lasy przed hordami orków i starli się z niegodziwym smokiem w jego własnym leżu. Ich dokonania obrosły legendą, a o samej Mazzy mawiano, że gdyby męstwo można było mierzyć w centymetrach, miałaby sześć metrów wzrostu. Po wszystkich zagrożeniach, z którymi się zetknęła, Mazzy dożyła sędziwego wieku i odeszła spokojną śmiercią. I mimo iż nigdy się nie ustatkowała i nie doczekała dzieci, jej imię i dziedzictwo pozostały żywe poprzez czyny jej następców przez wiele pokoleń."
"Then I am satisfied. The essence of our sire ends with me... and with you. May the gods forgive me. May you... may you forgive me, <PRO_BROTHERSISTER>...","Zatem w porządku. Esencja naszego ojca zniknie wraz ze mną... i z tobą. Niech bogowie mi wybaczą. Obyś... obyś i ty mi wybaczyła, siostro..."
"Then we must do battle. I... I am sorry, <PRO_BROTHERSISTER>. I had hoped this would be otherwise.","Zatem musimy walczyć... Przykro mi, siostro. Miałem nadzieję, że inaczej się to potoczy."
"Think about it, Balthazar! You honestly think she didn't know what your plans were? Do you think you took her by surprise? Even I saw it coming, and there was nothing I could do to stop it!","Zastanów się, Balthazarze! Czy naprawdę uważasz, że ona nie wiedziała, co zamierzałeś? Myślisz, że mogłeś ją zwieść? Nawet ja wiedziałam, co się stanie, ale nie mogłam nic zrobić, by to powstrzymać!"
"Though it's likely Hexxat and <CHARNAME> had many adventures after the conclusion of the Bhaalspawn Crisis, reliable reports of those adventures are hard to come by. In their place is an endless chain of rumors, many of them gleefully spread by Cabrina: the lovers had gone to Waterdeep, becoming key players in the city's noble and criminal fraternities, they had pulled off the heist of the century, cleaning out the coffers of Menzoberranzan's Tier Breche, they had adopted a clan of kobolds and taught them to pick locks. The wildest tales claimed that <CHARNAME> was no longer seen without a scarf or high collar, and that she and Hexxat would stalk the night together, for all eternity.","Mimo że po wydarzeniach związanych z potomstwem Bhaala Hexxat i <CHARNAME> przeżyły wiele przygód, trudno natrafić na wiarygodne ich świadectwa. W ich miejsce pojawia się morze plotek, w dużej mierze złośliwie rozsiewanych przez Cabrinę. Kochanki miały dotrzeć do Waterdeep i stać się szarymi eminencjami zarówno wśród elit, jak i półświatka tego miasta. W innej wersji dokonały kradzieży stulecia, czyszcząc z kosztowności kufry Tier Breche w Menzoberranzan. Miały też ponoć przygarnąć klan koboldów i wyszkolić ich we włamaniach. Najbardziej szalone opowieści twierdziły, że <CHARNAME> nie pojawiała się nigdzie bez szala lub wysoko postawionego kołnierza oraz że ona i Hexxat na wieczność już miały czyhać w ciemnościach nocy."
"To this day, tales of Dorn il-Khan and <CHARNAME> are told both by parents whose unruly children need discipline and those vile men and women who admired the deeds of the malevolent pair. Their relationship was tempestuous, each vying to control the other at every turn. Though they had successfully evaded the wrath of the gods, Dorn and <CHARNAME> would find it more difficult to escape mortal justice. Dorn was captured by a Freelance Jurist named Mercy Whitedove and taken to Luskan, where he was tried for the mass slaughter at the village of Barrow. <CHARNAME> executed Dorn's daring and bloody escape, after which they spent several years avoiding Whitedove and other bounty hunters. Given their temperaments, the end was perhaps inevitable: after a final escape from the implacable Whitedove, tensions between the two finally erupted into violence. Left with little choice, <CHARNAME> slew Dorn and disappeared into the shadows of history.","Po dziś dzień snuje się opowieści o złowrogiej parze, jaką stanowili Dorn Il-Khan i <CHARNAME>. Rodzice straszą nimi niegrzeczne dzieci, aby nauczyć je moresu, a wszelkiej maści osobnicy spod ciemnej gwiazdy podziwiają ich dokonania. Ich związek był burzliwy, a oni sami wciąż rywalizowali o władzę nad drugą osobą. Mimo że udało im się ujść przed gniewem bogów, Dorn i <CHARNAME> przekonali się, że znacznie trudniej jest wymknąć się sprawiedliwości śmiertelników. Dorn został pochwycony przez „niezależną jurystkę”, Mercy Białoskrzydłą, i zabrany do Luskanu, gdzie stanął przed sądem za masowy mord we wsi Wzgórze. <CHARNAME> zaaranżowała jego zuchwałą ucieczkę z więzienia, naznaczoną krwią tych, którzy stanęli im na drodze. Przez następne kilka lat wciąż kluczyli, starając się unikać Białoskrzydłej i innych łowców nagród. Jednakże, zważywszy na ich charaktery, koniec ich związku był z góry przesądzony. Po ostatniej ucieczce przed nieustępliwą Białoskrzydłą napięcia między nimi przerodziły się w rękoczyny. Pozbawiona innego wyboru <CHARNAME> zabiła Dorna, sama zaś rozpłynęła się w mrokach historii."
"Upon returning to Amkethran, Balthazar began to implement changes for the better. He had learned well from his friend and <PRO_BROTHERSISTER> the meaning of the word ""Good"". He carried his guilt with him always, a reminder never to make the same mistakes again. The remaining criminal elements were quickly driven from his outpost, which attracted new settlers and merchants. Over the years, Amkethran grew into a thriving city and the cultural center of the entire region, renowned for its peace and compassion. Balthazar was also central in the creation of the Monastic Guard, an elite group of Paladins and Monks who were sworn to protect the common folk from tyranny in any form. His deeds quickly earned him the respect and trust of his people. In Balthazar's advanced years, his work finished, it was said he could be found most often gazing at the night sky and remembering <CHARNAME>. Later, Balthazar would leave Amkethran forever on a pilgrimage to Candlekeep... to give a final thanks for the peace he had found and to see for himself the humble beginnings of a legend.","Po powrocie do Amkethranu Balthazar zaczął wprowadzać w życie zmiany na lepsze. <CHARNAME>, jego siostra, a zarazem przyjaciółka, nauczyła go prawdziwego znaczenia słowa „dobro”. Poczucie winy nie opuszczało jednak Balthazara i przypominało mu, aby nigdy więcej nie popełnił podobnych błędów. Złoczyńcy, którzy wciąż jeszcze przebywali w jego siedzibie, opuścili ją w pośpiechu, a to przyciągnęło nowych kupców i osadników. Z biegiem lat Amkethran stał się świetnie prosperującym miastem oraz centrum kulturalnym całego regionu. Słynął również z panującego w nim pokoju i miłosierdzia. Balthazar odegrał też kluczową rolę w stworzeniu Straży Klasztornej, elitarnej grupy paladynów i mnichów, którzy przysięgli strzec zwykłych obywateli przed każdą formą tyranii. Poczynania Balthazara prędko zyskały mu szacunek i zaufanie wśród mieszkańców miasta. Powiadają, że na starość, gdy jego dzieło było już skończone, najczęściej można było spotkać Balthazara, kiedy nocą wpatrywał się w niebo i wspominał swą siostrę. Później Balthazar na zawsze opuścił Amkethran i wyruszył na pielgrzymkę do Candlekeep... aby podziękować za spokój, który w końcu odnalazł, i na własne oczy ujrzeć miejsce, które choć skromne, zostało początkiem legendy."
"Well... I suppose. You convinced me more than her, obviously. I... I'm just glad I didn't do more damage as the slayer. I don't know how you handled it. Thank you for... for not killing me.","Cóż... może i tak. Ewidentnie przekonałaś mnie bardziej niż ją. Ja... cieszę się, że jako Zabójca nie wyrządziłam więcej szkód. Nie mam pojęcia, jak sobie z tym poradziłaś. Dziękuję... że mnie nie zabiłaś."
"What makes you think you could kill her? I'm the one that has defeated all the Bhaalspawn... while you were doing nothing but hiding in this fortress making the peasants miserable.","Dlaczego uważasz, że będziesz ją w stanie zabić? To ja pokonałam wszystkie pomioty Bhaala... Podczas gdy ty ukrywałeś się w swej fortecy i patrzyłeś, jak wieśniacy cierpią."
"While it fills me with distaste that you would even bring such a creature of evil before me, god-child, you must remember that in this place an oath is worth more than the words with which it is spoken. You are no god yet... and while I would rather destroy this undead thing, it now falls on me to enforce the promise you have made.","Choć fakt, że sprowadziłaś tak złą istotę przed moje oblicze, napełnia mnie obrzydzeniem, boskie dziecię, musisz pamiętać, że w tym miejscu przysięga jest warta więcej niż słowa, którymi została wypowiedziana. Nie jesteś jeszcze boginią... I choć wolałabym zniszczyć tę nieumarłą istotę, moim zadaniem jest teraz wyegzekwować to, co jej obiecałaś."
"Why you assumed I would even be interested in your allegiance, Bodhi, I have no idea. I shall be pleased to know that you both die again just as you lived: without a single redeeming or worthwhile quality.","Nie mam pojęcia, jak mogłaś liczyć, że w ogóle będę zainteresowana twoim wsparciem, Bodhi. Będę cieszyć się świadomością, że ponownie spotkała was oboje śmierć taka, jakie było wasze życie: zupełnie bezwartościowa."
"With <CHARNAME> at her side, it seemed as though Neera meant to find some stability, perhaps by returning to the High Forest. But it soon became clear that neither of them wanted a quiet life, and though the Order of Eight Staves was no more, the machinations of Thay still loomed on the horizon. As <CHARNAME> cheered her on, Neera used her wild magic to sink three Thayan slaver ships off the coast of Melvaunt. The city celebrated their heroic victory until dawn, and when <CHARNAME> awoke Neera was gone. She had left no note, given no sign of departure. But he just smiled. No matter where her restless wanderings would take her, he knew they would find each other again.","Wydawało się że Neera odnalazła równowagę i spokój z <CHARNAME> przy boku, planując nawet powrócić do Wysokiego Lasu. Ale szybko okazało się, że żadne z nich nie pragnęło spokojnego, ułożonego życia. Zakon Ośmiu Kosturów przestał istnieć, ale na horyzoncie wciąż majaczyły machinacje Thay. Gdy <CHARNAME> próbowała ją rozweselić, Neera użyła swej Dzikiej Magii aby zatopić trzy statki niewolnicze Thay na wybrzeżu Melvaunt. Miasto święciło zwycięstwo do świtu, a gdy <CHARNAME> obudziła się, Neery już nie było. Nie pozostawiła żadnego listu, ani nie wyjaśniła powodów odejścia. Ale <CHARNAME> tylko się uśmiechnęła. Niezależnie gdzie poprowadzi ją jej niespokojny duch, <CHARNAME> wiedziała, że prędzej czy później ponownie się spotkają."
"With her obligations to Larloch and <CHARNAME> fulfilled, Hexxat struck out on her own. She had lost her last chance at humanity, but gained a new understanding of what the world had to offer thanks to her time with the Bhaalspawn. She eventually returned to Athkatla, rallying the shattered remnants of Bodhi's organization, like Hexxat, the few remaining vampires sought a new purpose, and they saw in her a leader who would value them as more than just tools. Combining her undead powers with her knowledge of long-forgotten Chultan traditions, Hexxat came to be revered as queen of the city’s underworld.","Po wypełnieniu zobowiązań wobec Larlocha i pomiotu Bhaala Hexxat podążyła własną drogą. Zdążyła już stracić całą wiarę w ludzkość, ale czas, jaki spędziła z nią <CHARNAME>, pozwolił jej na nowo zrozumieć, co świat miał jej do zaoferowania. Powróciła do Athkatli, gdzie skupiła wokół siebie pozostałości po rozbitej organizacji Bodhi. Wampiry, które przetrwały, tak jak ona poszukiwały nowego celu. W Hexxat dostrzegły przywódczynię, która doceni ich wysiłki i nie będzie traktować ich instrumentalnie. Hexxat potrafiła połączyć swe wampirze zdolności z wiedzą o zapomnianych chultańskich tradycjach i prędko zyskała sobie miano królowej podziemi."
"With his guidance no longer needed, Cernd left <CHARNAME> and reunited with his son Ahsdale. But his duty to nature constantly called him away, and the boy grew bitter and resentful. Years later, Cernd attained the title of Grand Druid, only to stop the ceremony when he learned that his long-estranged child now wielded twisted magics which threatened the Sword Coast. Cernd solemnly abdicated his position, declaring that he could not hold such responsibility when he had been so grossly negligent in his personal obligations. Deep in the forests of Tethyr, the druid made a final effort to appeal to his son. But they were strangers to each other, and neither would survive when they finally met in battle. The only common ground between father and son was the spot where they fell, and where a wondrous oak now stands. It turns the deepest shades of red at season's change, a reminder that balance sometimes comes at a terrible cost.","Kiedy jego pomoc przestała być potrzebna, Cernd opuścił drużynę, której przewodziła <CHARNAME>, i powrócił do swego syna, Ahsdale’a. Jednak obowiązek wobec natury wciąż wywabiał go z domu, a chłopiec stał się zgorzkniały i pełen urazy wobec ojca. Wiele lat później Cernd otrzymał tytuł Wielkiego Druida, lecz przerwał ceremonię, dowiedziawszy się, iż syn, którego nie widział od dawna, włada spaczoną magią, zagrażając bezpieczeństwu Wybrzeża Mieczy. Cernd uroczyście zrzekł się tytułu, oznajmiając, iż nie może przyjąć tak wielkiej odpowiedzialności, gdy w życiu prywatnym tak wielce zaniedbywał swe obowiązki. Głęboko pośród lasów Tethyru druid podjął ostatnią próbę pojednania z synem. Jednak po tylu latach byli już dla siebie zupełnie obcy i nieuniknione było, że muszą zmierzyć się w walce. Ta okazała się śmiertelna dla obu, a jedynym, co połączyło ojca z synem, było miejsce, w którym polegli. Po ich śmierci wyrósł tam ogromny dąb, którego liście na jesień przyjmują barwę najgłębszej czerwieni, niejako w ramach przypomnienia, iż cena równowagi bywa czasem straszliwie wysoka."
"You always have a choice, Balthazar. Don't be a slave to Alaundo's prophecy! I have fought against it ever since I found out about my heritage and I will *not* give up!","Zawsze jest inny wybór, Balthazarze. Nie bądź niewolnikiem przepowiedni Alaundo! Ja walczyłam przeciw niej, odkąd dowiedziałam się o moim dziedzictwie, i NIE zamierzam się poddać!"
"You did not need to fight him. The rest of the Five have been defeated. With Balthazar and yourself both alive, not all of Bhaal's divine essence has returned to its source, and Melissan will seek to collect it. This is the challenge that awaits you.","Nie musiałaś z nim walczyć. Reszta Piątki została pokonana. Skoro ty i Balthazar żyjecie, nie cała esencja Bhaala powróciła do swego źródła, a Melissana będzie próbowała ją zgromadzić. Oto wyzwanie, które na ciebie czeka."
"You do not believe in my power, I can see that much. You have fought terrible foes in your past and have always managed to succeed. Why... you leave a trail of felled opponents littered about even here in the Abyss. Such as this one I found, discarded...","Widzę, że nie wierzysz w moją moc. Walczyłaś w przeszłości z wieloma straszliwymi przeciwnikami i zawsze udawało ci się odnieść zwycięstwo. Drogę po sobie znaczysz ciałami poległych wrogów, nawet tutaj, w Otchłani. Wrogów takich jak na przykład ten..."
"You found out who the Five were through Melissan's scheming... and through, in no small part, my own. But who is to say that things might not have been different? Who are *you* to say that things might have been different?","Dowiedziałaś się kim była Piątka dzięki knowaniom Melissany... i w równie dużej mierze, dzięki moim. Ale kto może stwierdzić, że to wszystko nie mogło potoczyć się inaczej? Kim TY jesteś, by twierdzić, że mogłoby być inaczej?"
"You have parleyed with Balthazar, the greatest of the Bhaalspawn besides yourself, god-child. You are to be commended. Your journey is nearly at its end.","Zawarłaś układ z Balthazarem, obok ciebie najpotężniejszym z pomiotów Bhaala, boskie dziecię. Chwała ci za to. Twoja podróż niemalże dobiegła końca."
"You may be strong, <CHARNAME>, but you are indeed a fool to think us weak. I shall take your soul for my own, I swear it!","Może i masz siłę, <CHARNAME>, ale jesteś głupia, jeśli uważasz nas za słabych. Zagarnę twoją duszę dla siebie, przysięgam!"
"You may have gained some crude and rudimentary control over your abilities in the interim, but even I have learned a thing or two... delusions or no. And Melissan has given me the opportunity to personally see an end to your ascension... consider it a favor returned.","Może i uzyskałaś jakąś szczątkową i prymitywną kontrolę nad swymi zdolnościami, ale i ja nauczyłem się tego i owego... Złudzenia nie mają tu nic do rzeczy. Poza tym Melissana dała mi szansę, abym osobiście mógł położyć kres twojemu wyniesieniu... Odwzajemnię ci w ten sposób taką samą przysługę."
"You mistake the path for the journey, my friend. Whatever paths you have taken since leaving Candlekeep, the journey has ended here as it was always meant to. Destiny masters us... we do not master it.","Nie zauważasz, że różne drogi mogą prowadzić do jednego celu podróży, przyjaciółko. Niezależnie od tego, jakie ścieżki obrałaś po opuszczeniu Candlekeep, twoja podróż kończy się tutaj, tak jak zawsze miało być. Przeznaczenie panuje nad nami... a nie my nad nim."
"You place your hand within the energies of the pool and draw the essence into yourself, diverting it away from Melissan. Boundless power fills you briefly, and while most of it dissipates a portion fuels your inner energies. You are now immune to death magics and vorpal effects, and have also gained the ability to unleash the power within you as a short burst of destructive power. The energies also restore the powers of all present.","Wkładasz rękę do wiru energii znajdującego się w sadzawce i czerpiesz z niej esencję, odbierając ją Melissanie. Nieograniczona moc wypełnia cię przez krótką chwilę i choć większość jej ulatnia się, to mała cząstka łączy się z twą wewnętrzną energią. Jesteś teraz niewrażliwa na magię śmierci i uderzenia worpalne, a także uzyskałaś zdolność dania upustu swej wewnętrznej siły w postaci krótkotrwałej eksplozji niszczącej mocy. Energia dodatkowo odnawia moce wszystkich obecnych."
"You plant a seed of doubt in me, <CHARNAME>, and I begin to wonder. Yet... it seems that my destiny may differ from yours. I have no heavenly guidance. Perhaps my path has been made for me, yet.","Zasiałaś we mnie ziarno wątpliwości, <CHARNAME>, i zaczynam się zastanawiać. Mimo to... zdaje się, że moje przeznaczanie różni się od twojego. Ja nie mam żadnego niebiańskiego przewodnika. Być może moja ścieżka została już jednak ustalona."
